{
    "mode.set": "Set mode >{0} ({1})",
    "mode.reset": "Reset mode >{0} ({1})",
    "mode.dump.header": "Active PT200 modes:",
    "mode.dump.line": ">{0} {1} – {2}",
    "mode.status.on": "ON",
    "mode.status.off": "OFF",
    "log.transport.connecting": "Connecting to {0}:{1}...",
    "log.transport.connected": "Connected to {0}:{1}",
    "log.transport.receive.error": "Error when receiving data: {0}",
    "log.transport.loop.starting": "Starting receive loop...{0}",
    "log.transport.loop.started": "Receive loop started.",
    "log.transport.disconnect.hang": "Disconnect hangd, continuing anyway...",
    "log.transport.disconnect.failed": "Disconnect failed: {0}",
    "log.transport.reconnecting": "Reconnecting to {0}:{1}...",
    "log.render.buffer.null": "Buffer is null, skipping OnPaint",
    "log.render.no.mapping": "No mapping found – sending fallback for Up",
    "log.render.font.null": "Font is null in WinFormsRenderTarget constructor!",
    "log.terminal.init": "Terminal Control initialized and buffer attached.",
    "log.app.form.loaded": "Form loaded, starting transport connection...",
    "log.app.closing": "Closing application",
    "log.ui.connect.clicked": "Connect button clicked at {0}",
    "log.ui.disconnect.clicked": "Disconnect button clicked at {0}",
    "log.ui.reconnect.clicked": "Reconnect button clicked at {0}",
    "dialog.disconnect.error.connected": "Connection to {0}:{1} was aborted. Application closing.",
    "dialog.disconnect.error.failed": "Couldn't connect to {0}:{1}. Application closing.",
    "dialog.disconnect.title": "Disconnect",
    "ui.blinkbox.label": "Blink",
    "ui.button.reconnect": "Reconnect",
    "ui.button.fullredraw": "Full redraw",
    "ui.button.diag": "Diag overlay",
    "ui.button.disconnect": "Disconnect",
    "ui.button.connect": "Connect",
    "ui.color.green": "Green",
    "ui.color.color": "Color",
    "ui.color.blue": "Blue",
    "ui.color.amber": "Amber",
    "ui.color.white": "White",
    "loc.file.missing": "File {0} for language {1} missing",
    "loc.key.missing": "Key {0} missing, returning incoming key",
    "cfg.load.dbg": "Loading config. DisplayTheme {0}, ScreenFormat {1}, DefaultLogLevel {2}, CursorStylePreference {3}"
}