{
    "mode.set": "Sätter läge >{0} ({1})",
    "mode.reset": "Återställer läge >{0} ({1})",
    "mode.dump.header": "Aktiva PT200-lägen:",
    "mode.dump.line": ">{0} {1} – {2}",
    "mode.status.on": "PÅ",
    "mode.status.off": "AV",
    "log.transport.connecting": "Försöker ansluta till {0}:{1}...",
    "log.transport.connected": "Ansluten till {0}:{1}",
    "log.transport.receive.error": "Fel vid mottagning av data: {0}",
    "log.transport.loop.starting": "Startar mottagningsloop...",
    "log.transport.loop.started": "Mottagningsloop startad.",
    "log.transport.disconnect.hang": "Disconnect hängde, fortsätter ändå...",
    "log.transport.disconnect.failed": "Frånkoppling misslyckades: {0}",
    "log.transport.reconnecting": "Försöker återansluta till {0}:{1}...",
    "log.render.buffer.null": "Buffer är tom, hoppar över OnPaint",
    "log.render.no.mapping": "Hittade ingen mappning – skickar fallback för Up",
    "log.render.font.null": "Teckensnitt is null in WinFormsRenderTarget constructor!",
    "log.terminal.init": "Terminal Control initialized and buffer attached.",
    "log.app.form.loaded": "Formulär laddat, startar transport-anslutning...",
    "log.app.closing": "Closing application",
    "log.ui.connect.clicked": "Connect tryckt vid {0}",
    "log.ui.disconnect.clicked": "Disconnect tryckt vid {0}",
    "log.ui.reconnect.clicked": "Reconnect tryckt vid {0}",
    "dialog.disconnect.error.connected": "Anslutningen till {0}:{1} har brutits. Programmet stängs ner.",
    "dialog.disconnect.error.failed": "Kunde inte ansluta till {0}:{1}. Programmet stängs ner.",
    "dialog.disconnect.title": "Nedkoppling",
    "ui.blinkbox.label": "Blinkning",
    "ui.button.reconnect": "Återanslut",
    "ui.button.fullredraw": "Full omritning",
    "ui.button.diag": "Diag overlay",
    "ui.button.disconnect": "Frånkoppling",
    "ui.button.connect": "Anslut",
    "ui.color.green": "Grön",
    "ui.color.color": "Färg",
    "ui.color.blue": "Blå",
    "ui.color.amber": "Amber",
    "ui.color.white": "Vit",
    "loc.file.missing": "Fil {0} för språk {1} saknas",
    "loc.key.missing": "Nyckel {0} saknas, returnerar inkommande nyckel",
    "cfg.load.dbg": "Laddar config. DisplayTheme {0}, ScreenFormat {1}, DefaultLogLevel {2}, CursorStylePreference {3}"
}